f_num,f_name,유제품,조개류,갑각류,밀,회,계란,생선,견과류,가지,오이
0,김밥,0,0,0,0,0,0,0,0,0,0
1,떡볶이,0,0,0,0,0,0,0,0,0,0
2,볶음밥,0,0,0,0,0,0,0,0,0,0
3,주먹밥,0,0,0,0,0,0,0,0,0,0
4,덮밥,0,0,0,0,0,0,0,0,0,0
5,김치볶음밥,0,0,0,0,0,0,0,0,0,0
6,비빔밥,0,0,0,0,0,0,0,0,0,0
7,죽,0,0,0,0,0,0,0,0,0,0
8,유부초밥,0,0,0,0,0,0,0,0,0,0
9,오므라이스,0,0,0,0,0,0,0,0,0,0
10,카레라이스,0,0,0,0,0,0,0,0,0,0
11,초밥,0,0,0,0,0,0,1,0,0,0
12,콩나물밥,0,0,0,0,0,0,0,0,0,0
13,쌈밥,0,0,0,0,0,0,0,0,0,0
14,떡꼬치,0,0,0,0,0,0,0,0,0,0
15,리조또,1,0,0,0,0,0,0,0,0,0
16,새우볶음밥,0,0,1,0,0,0,0,0,0,0
17,국물떡볶이,0,0,0,0,0,0,0,0,0,0
18,전복죽,0,1,0,0,0,0,0,0,0,0
19,계란볶음밥,0,0,0,0,0,1,0,0,0,0
20,꼬마김밥,0,0,0,0,0,0,0,0,0,0
21,단호박죽,0,0,0,0,0,0,0,0,0,0
22,궁중떡볶이,0,0,0,0,0,0,0,0,0,0
23,짜장밥,0,0,0,0,0,0,0,0,0,0
24,카레,0,0,0,0,0,0,0,0,0,0
25,기름떡볶이,0,0,0,0,0,0,0,0,0,0
26,밥전,0,0,0,0,0,1,0,0,0,0
27,파스타,1,0,0,1,0,0,0,0,0,0
28,라면,0,0,0,1,0,0,0,0,0,0
29,비빔국수,0,0,0,1,0,0,0,0,0,0
30,만두,0,0,0,1,0,0,0,0,0,0
31,스파게티,0,0,0,1,0,0,0,0,0,0
32,수제비,0,0,0,1,0,0,0,0,0,0
33,국수,0,0,0,1,0,0,0,0,0,0
34,크림파스타,1,0,0,1,0,0,0,0,0,0
35,잔치국수,0,0,0,1,0,0,0,0,0,0
36,칼국수,0,0,0,1,0,1,0,0,0,0
37,쫄면,0,0,0,1,0,0,0,0,0,0
38,콩국수,0,0,0,1,0,0,0,0,0,0
39,볶음우동,0,0,0,1,0,0,0,0,0,0
40,짬뽕,0,1,1,1,0,0,0,0,0,0
41,짜장면,0,0,0,1,0,0,0,0,0,0
42,김치비빔국수,0,0,0,1,0,0,0,0,0,0
43,까르보나라,1,0,0,1,0,1,0,0,0,0
44,비빔면,0,0,0,1,0,0,0,0,0,0
45,토마토스파게티,0,0,0,1,0,0,0,0,0,0
46,우동,0,0,0,1,0,0,0,0,0,0
47,크림스파게티,1,0,0,1,0,0,0,0,0,0
48,냉면,0,0,0,1,0,0,0,0,0,0
49,바지락칼국수,0,1,0,1,0,0,0,0,0,0
50,비빔만두,0,0,0,1,0,0,0,0,0,0
51,볶음라면,0,0,0,1,0,0,0,0,0,0
52,오일파스타,0,0,0,1,0,0,0,0,0,0
53,알리오올리오,0,0,0,1,0,0,0,0,0,0
54,토마토파스타,0,0,0,1,0,0,0,0,0,0
55,열무비빔국수,0,0,0,1,0,0,0,0,0,0
56,닭볶음탕,0,0,0,0,0,0,0,0,0,0
57,소고기무국,0,0,0,0,0,0,0,0,0,0
58,미역국,0,0,0,0,0,0,0,0,0,0
59,소고기미역국,0,0,0,0,0,0,0,0,0,0
60,어묵탕,0,0,0,0,0,0,0,0,0,0
61,콩나물국,0,0,0,0,0,0,0,0,0,0
62,떡국,0,0,0,0,0,0,0,0,0,0
63,된장국,0,0,0,0,0,0,0,0,0,0
64,삼계탕,0,0,0,0,0,0,0,0,0,0
65,육개장,0,0,0,0,0,0,0,0,0,0
66,만두국,0,0,0,1,0,0,0,0,0,0
67,떡만두국,0,0,0,1,0,0,0,0,0,0
68,계란국,0,0,0,0,0,1,0,0,0,0
69,오이냉국,0,0,0,0,0,0,0,0,0,1
70,꽃게탕,0,0,1,0,0,0,0,0,0,0
71,밀푀유나베,0,0,0,0,0,0,0,0,0,0
72,시금치된장국,0,0,0,0,0,0,0,0,0,0
73,북어국,0,0,0,0,0,0,0,0,0,0
74,닭곰탕,0,0,0,0,0,0,0,0,0,0
75,감자탕,0,0,0,0,0,0,0,0,0,0
76,감자국,0,0,0,0,0,0,0,0,0,0
77,오징어무국,0,0,0,0,0,0,0,0,0,0
78,배추된장국,0,0,0,0,0,0,0,0,0,0
79,홍합탕,0,1,0,0,0,0,0,0,0,0
80,닭개장,0,0,0,0,0,0,0,0,0,0
81,갈비탕,0,0,0,0,0,0,0,0,0,0
82,전골,0,0,0,0,0,0,0,0,0,0
83,어묵국,0,0,0,0,0,0,0,0,0,0
84,된장찌개,0,0,0,0,0,0,0,0,0,0
85,김치찌개,0,0,0,0,0,0,0,0,0,0
86,순두부찌개,0,0,0,0,0,0,0,0,0,0
87,부대찌개,0,0,0,0,0,0,0,0,0,0
88,돼지고기김치찌개,0,0,0,0,0,0,0,0,0,0
89,고추장찌개,0,0,0,0,0,0,0,0,0,0
90,청국장찌개,0,0,0,0,0,0,0,0,0,0
91,참치김치찌개,0,0,0,0,0,0,1,0,0,0
92,동태찌개,0,0,0,0,0,0,1,0,0,0
93,두부찌개,0,0,0,0,0,0,0,0,0,0
94,청국장,0,0,0,0,0,0,0,0,0,0
95,차돌박이된장찌개,0,0,0,0,0,0,0,0,0,0
96,콩비지찌개,0,0,0,0,0,0,0,0,0,0
97,스튜,1,0,0,0,0,0,0,0,0,0
98,꽁치김치찌개,0,0,0,0,0,0,1,0,0,0
99,돼지고기고추장찌개,0,0,0,0,0,0,0,0,0,0
100,감자짜글이,0,0,0,0,0,0,0,0,0,0
101,짜글이,0,0,0,0,0,0,0,0,0,0
102,비지찌개,0,0,0,0,0,0,0,0,0,0
103,감자고추장찌개,0,0,0,0,0,0,0,0,0,0
104,달래된장찌개,0,0,0,0,0,0,0,0,0,0
105,콩나물찌개,0,0,0,0,0,0,0,0,0,0
106,냉이된장찌개,0,0,0,0,0,0,0,0,0,0
107,오징어찌개,0,0,0,0,0,0,0,0,0,0
108,전찌개,0,0,0,1,0,0,0,0,0,0
109,바지락순두부찌개,0,1,0,0,0,0,0,0,0,0
110,스팸김치찌개,0,0,0,0,0,0,0,0,0,0
111,꽃게된장찌개,0,0,1,0,0,0,0,0,0,0
112,해물순두부찌개,0,0,1,0,0,0,0,0,0,0
113,잡채,0,0,0,0,0,0,0,0,0,0
114,제육볶음,0,0,0,0,0,0,0,0,0,0
115,오징어볶음,0,0,0,0,0,0,0,0,0,0
116,갈치조림,0,0,0,0,0,0,1,0,0,0
117,돼지갈비찜,0,0,0,0,0,0,0,0,0,0
118,치킨,0,0,0,1,0,0,0,0,0,0
119,불고기,0,0,0,0,0,0,0,0,0,0
120,고등어조림,0,0,0,0,0,0,1,0,0,0
121,탕수육,0,0,0,0,0,1,0,0,0,0
122,소불고기,0,0,0,0,0,0,0,0,0,0
123,골뱅이무침,0,1,0,0,0,0,0,0,0,0
124,돈까스,0,0,0,0,0,0,0,0,0,0
125,떡갈비,0,0,0,1,0,0,0,0,0,0
126,순대볶음,0,0,0,0,0,0,0,0,0,0
127,갈비찜,0,0,0,0,0,0,0,0,0,0
128,월남쌈,0,0,0,0,0,0,0,0,0,0
129,찜닭,0,0,0,0,0,0,0,0,0,0
130,주꾸미볶음,0,0,0,0,0,0,0,0,0,0
131,마파두부,0,0,0,0,0,0,0,0,0,0
132,낙지볶음,0,0,0,0,0,0,0,0,0,0
133,두부김치,0,0,0,0,0,0,0,0,0,0
134,코다리조림,0,0,0,0,0,0,1,0,0,0
135,닭갈비,0,0,0,0,0,0,0,0,0,0
136,콩나물불고기,0,0,0,0,0,0,0,0,0,0
137,고추잡채,0,0,0,0,0,0,0,0,0,0
138,수육,0,0,0,0,0,0,0,0,0,0
139,카나페,0,0,0,1,0,0,0,0,0,0
140,고구마맛탕,0,0,0,0,0,0,0,0,0,0
141,감자전,0,0,0,0,0,0,0,0,0,0
142,튀김,0,0,1,1,0,0,0,0,0,0
143,김치전,0,0,0,1,0,0,0,0,0,0
144,콘치즈,1,0,0,0,0,0,0,0,0,0
145,웨지감자,0,0,0,0,0,0,0,0,0,0
146,부추전,0,0,0,1,0,0,0,0,0,0
147,푸딩,1,0,0,1,0,0,0,1,0,0
148,빙수,0,0,0,0,0,0,0,0,0,0
149,젤리,0,0,0,0,0,0,0,0,0,0
150,강정,0,0,0,1,0,1,0,0,0,0
151,라볶이,0,0,0,0,0,0,0,0,0,0
152,맛탕,0,0,0,0,0,0,0,0,0,0
153,스틱,0,0,0,1,0,1,0,0,0,0
154,고구마튀김,0,0,0,1,0,0,0,0,0,0
155,팥빙수,0,0,0,0,0,0,0,0,0,0
156,새우튀김,0,0,1,1,0,1,0,0,0,0
157,고구마스틱,0,0,0,0,0,0,0,0,0,0
158,감자튀김,0,0,0,0,0,0,0,0,0,0
159,오꼬노미야끼,0,0,1,1,0,1,0,0,0,0
160,치즈스틱,1,0,0,1,0,1,0,0,0,0
161,꼬치,0,0,0,0,0,0,0,0,0,0
162,감자버터구이,1,0,0,0,0,0,0,0,0,0
163,닭꼬치,0,0,0,0,0,0,0,0,0,0
164,피자,1,0,0,1,0,0,0,0,0,0
165,감자피자,1,0,0,0,0,0,0,0,0,0
166,베이컨말이,0,0,0,0,0,0,0,0,0,0
167,팬케이크,0,0,0,1,0,0,0,0,0,0
168,오코노미야끼,0,0,1,1,0,1,0,0,0,0
169,그라탕,1,0,0,1,0,0,0,0,0,0
170,또띠아,0,0,0,1,0,0,0,0,0,0
171,버거,0,0,0,0,0,0,0,0,0,0
172,브리또,0,0,0,1,0,0,0,0,0,0
173,샌드위치,0,0,0,1,0,0,0,0,0,0
174,시금치프리타타,1,0,0,0,0,1,0,0,0,0
175,칠리새우,0,0,1,0,0,1,0,0,0,0
176,크림스튜,1,0,0,1,0,0,0,0,0,0
177,통닭,0,0,0,0,0,0,0,0,0,0
178,가지전,0,0,0,1,0,1,0,0,1,0
179,감바스,0,0,1,0,0,0,0,0,0,0
180,감바스알아히요,0,0,1,0,0,0,0,0,0,0
181,감자구이,0,0,0,0,0,0,0,0,0,0
182,두부조림,0,0,0,0,0,0,0,0,0,0
183,어묵볶음,0,0,0,1,0,0,1,0,0,0
184,계란말이,0,0,0,0,0,1,0,0,0,0
185,멸치볶음,0,0,0,0,0,0,0,0,0,0
186,오이무침,0,0,0,0,0,0,0,0,0,1
187,감자조림,0,0,0,0,0,0,0,0,0,0
188,장아찌,0,0,0,0,0,0,0,0,0,0
189,콩나물무침,0,0,0,0,0,0,0,0,0,0
190,가지볶음,0,0,0,0,0,0,0,0,1,0
191,무생채,0,0,0,0,0,0,0,0,0,0
192,감자볶음,0,0,0,0,0,0,0,0,0,0
193,나물,0,0,0,0,0,0,0,0,0,0
194,오이지무침,0,0,0,0,0,0,0,0,0,1
195,피클,0,0,0,0,0,0,0,0,0,1
196,메추리알장조림,0,0,0,0,0,0,0,0,0,0
197,연근조림,0,0,0,0,0,0,0,0,0,0
198,미역줄기볶음,0,0,0,0,0,0,0,0,0,0
199,소고기장조림,0,0,0,0,0,0,0,0,0,0
200,계란찜,0,0,0,0,0,1,0,0,0,0
201,애호박볶음,0,0,0,0,0,0,0,0,0,0
202,달걀말이,0,0,0,0,0,1,0,0,0,0
203,계란장조림,0,0,0,0,0,1,0,0,0,0
204,시금치무침,0,0,0,0,0,0,0,0,0,0
205,동그랑땡,0,0,0,0,0,1,0,0,0,0
206,우엉조림,0,1,0,0,0,0,0,0,0,0
207,감자채볶음,0,0,0,0,0,0,0,0,0,0
208,꼬막무침,0,1,0,0,0,0,0,0,0,0
209,애호박전,0,0,0,0,0,0,0,0,0,0
210,샐러드,0,0,0,0,0,0,0,0,0,0
211,감자샐러드,0,0,0,0,0,0,0,0,0,0
212,냉채,0,0,0,0,0,0,0,0,0,0
213,닭가슴살샐러드,0,0,0,0,0,0,0,0,0,0
214,두부샐러드,0,0,0,0,0,0,0,0,0,0
215,과일샐러드,1,0,0,0,0,0,0,0,0,0
216,연어샐러드,0,0,0,0,0,0,0,0,0,0
217,단호박샐러드,1,0,0,0,0,0,0,0,0,0
218,고구마샐러드,1,0,0,0,0,0,0,0,0,0
219,토마토샐러드,0,0,0,0,0,0,0,0,0,0
220,코울슬로,0,0,0,0,0,0,0,0,0,0
221,파스타샐러드,0,0,0,1,0,0,0,0,0,0
222,야채샐러드,0,0,0,0,0,0,0,1,0,0
223,치킨샐러드,0,0,0,1,0,0,0,0,0,0
224,참치샐러드,0,0,0,0,0,0,0,0,0,0
225,사과샐러드,0,0,0,0,0,0,0,0,0,0
226,마카로니샐러드,0,0,0,1,0,0,0,0,0,0
227,콘샐러드,0,0,0,0,0,0,0,0,0,0
228,콥샐러드,0,0,0,0,0,0,0,0,0,0
229,해파리냉채,0,0,0,0,0,0,0,0,0,1
230,카프레제,1,0,0,0,0,0,0,0,0,0
231,딸기샐러드,0,0,0,0,0,0,0,0,0,0
232,연두부샐러드,0,0,0,0,0,0,0,0,0,0
233,닭가슴살냉채,0,0,0,0,0,0,0,0,0,0
234,양배추샐러드,0,0,0,0,0,0,0,1,0,0
235,연근샐러드,0,0,0,0,0,0,0,0,0,0
236,새우샐러드,0,0,1,0,0,0,0,1,0,0
237,오이샐러드,0,0,0,0,0,0,0,0,0,1
238,브로콜리샐러드,0,0,0,0,0,0,0,0,0,0
239,카프레제샐러드,1,0,0,0,0,0,0,0,0,0
240,찹스테이크,0,1,0,0,0,0,0,0,0,0
241,스테이크,0,0,0,0,0,0,0,0,0,0
242,오믈렛,1,0,0,0,0,1,0,0,0,0
243,함박스테이크,0,0,0,1,0,1,0,0,0,0
244,프리타타,1,0,0,0,0,1,0,0,0,0
245,라자냐,1,0,0,1,0,0,0,0,0,0
246,연어스테이크,0,0,0,0,0,0,0,0,0,0
247,스크램블에그,1,0,0,0,0,1,0,0,0,0
248,퐁듀,1,0,0,1,0,0,0,0,0,0
249,감자그라탕,1,0,0,0,0,0,0,0,0,0
250,안심스테이크,0,0,0,0,0,0,0,0,0,0
251,에그인헬,1,0,0,0,0,1,0,0,0,0
252,스크램블,0,0,0,1,0,1,0,0,0,0
253,등심스테이크,0,0,0,0,0,0,0,0,0,0
254,라따뚜이,1,0,0,0,0,0,0,0,1,0
255,만두그라탕,1,0,0,1,0,0,0,0,0,0
256,브루스케타,0,0,0,0,0,0,0,0,0,0
257,닭가슴살스테이크,0,1,0,0,0,0,0,0,0,0
258,고구마그라탕,1,0,0,1,0,0,0,0,0,0
259,생선까스,0,0,0,1,0,1,0,0,0,0
260,치즈오믈렛,1,0,0,0,0,1,0,0,0,0
261,치즈그라탕,1,0,0,0,0,0,0,0,0,0
262,커틀릿,0,0,0,1,0,1,0,0,0,0
263,케이크,1,0,0,1,0,1,0,0,0,0
264,토스트,0,0,0,1,0,1,0,0,0,0
265,머핀,1,0,0,1,0,1,0,0,0,0
266,파운드케이크,1,0,0,1,0,1,0,1,0,0
267,식빵,1,0,0,1,0,0,0,0,0,0
268,프렌치토스트,1,0,0,1,0,1,0,0,0,0
269,또띠아피자,1,0,0,1,0,0,0,0,0,0
270,치즈케이크,1,0,0,1,0,1,0,0,0,0
271,브라우니,1,0,0,1,0,1,0,0,0,0
272,컵케이크,1,0,0,1,0,0,0,0,0,0
273,스콘,1,0,0,1,0,1,0,0,0,0
274,핫도그,0,0,0,1,0,0,0,0,0,0
275,계란빵,1,0,0,1,0,1,0,0,0,0
276,마들렌,1,0,0,1,0,1,0,1,0,0
277,호떡,0,0,0,1,0,0,0,0,0,0
278,롤케이크,1,0,0,1,0,1,0,0,0,0
279,와플,1,0,0,1,0,1,0,0,0,0
280,파이,1,0,0,1,0,1,0,1,0,0
281,카스테라,1,0,0,1,0,1,0,0,0,0
282,치즈토스트,1,0,0,1,0,0,0,0,0,0
283,길거리토스트,0,0,0,1,0,1,0,0,0,0
284,티라미수,1,0,0,1,0,0,0,0,0,0
285,모닝빵,1,0,0,1,0,1,0,0,0,0
286,마늘빵,1,0,0,1,0,0,0,0,0,0
287,스프,0,0,0,0,0,0,0,0,0,0
288,감자스프,1,0,0,0,0,0,0,0,0,0
289,단호박스프,1,0,0,0,0,0,0,0,0,0
290,크림스프,1,0,0,1,0,0,0,0,0,0
291,고구마스프,1,0,0,0,0,0,0,0,0,0
292,양송이스프,1,0,0,1,0,0,0,0,0,0
293,브로콜리스프,1,0,0,0,0,0,0,0,0,0
294,옥수수스프,1,0,0,0,0,0,0,0,0,0
295,게살스프,1,1,1,0,0,1,0,0,0,0
296,토마토스프,1,0,0,1,0,0,0,0,1,0
297,가스파초,0,0,0,0,0,0,0,0,0,0
298,양파스프,1,0,0,0,0,0,0,0,0,0
299,야채스프,1,0,0,0,0,0,0,0,0,0
300,치킨스프,0,0,0,1,0,0,0,0,0,0
301,가스파쵸,0,0,0,1,0,0,0,0,0,0
302,차우더,1,1,1,0,0,0,0,0,0,0
303,클램차우더,1,1,0,1,0,0,0,0,0,0
304,볼,0,0,0,1,0,1,0,0,0,0
305,다쿠아즈,1,0,0,1,0,0,0,1,0,0
306,삼겹살구이,0,0,0,0,0,0,0,0,0,0
307,연어,0,0,0,0,0,0,0,0,0,0
308,콘소메,0,0,0,0,0,0,0,0,0,0
,,,,,,,,,,,
,,,,,,,,,,,
,,,,,,,,,,,
309,마카롱,1,0,0,0,0,1,0,1,0,0
310,훈제오리볶음,0,0,0,0,0,0,0,0,0,0
311,오리불고기,0,0,0,0,0,0,0,0,0,0
312,오리주물럭,0,0,0,0,0,0,0,0,0,0
313,뚝배기불고기,0,0,0,0,0,0,0,0,0,0
314,고추장불고기,0,0,0,0,0,0,0,0,0,0
315,미트볼,1,0,0,1,0,1,0,0,0,0
316,불고기덮밥,0,0,0,0,0,0,0,0,0,0
317,오리구이,0,0,0,0,0,0,0,0,0,0
318,훈제오리부추무침,0,0,0,0,0,0,0,0,0,0
319,바베큐립,1,0,0,0,0,0,0,0,0,0
320,굴전,0,0,0,1,0,1,0,0,0,0
321,고등어구이,0,0,0,0,0,0,1,0,0,0
322,파래무침,0,0,0,0,0,0,0,0,0,0
323,오징어덮밥,0,0,0,0,0,0,0,0,0,0
324,삼치조림,0,0,0,0,0,0,1,0,0,0
325,진미채볶음,0,0,0,0,0,0,0,0,0,0
326,오징어채볶음,0,0,0,0,0,0,0,0,0,0
327,고추장멸치볶음,0,0,0,0,0,0,0,0,0,0
328,꽈리고추멸치볶음,0,0,0,0,0,0,0,0,0,0
329,황태국,0,0,0,0,0,0,1,0,0,0
330,건새우볶음,0,0,1,0,0,0,0,0,0,0
331,잔멸치볶음,0,0,0,0,0,0,0,0,0,0
332,견과류멸치볶음,0,0,0,0,0,0,0,1,0,0
333,오징어실채볶음,0,0,0,0,0,0,0,0,0,0
334,쥐포볶음,0,0,0,0,0,0,1,0,0,0
335,황태구이,0,0,0,0,0,0,1,0,0,0
336,오징어채무침,0,0,0,0,0,0,0,0,0,0
337,김무침,0,0,0,0,0,0,0,0,0,0
338,황태미역국,0,0,0,0,0,0,1,0,0,0
339,진미채무침,0,0,0,0,0,0,0,0,0,0
340,황태해장국,0,0,0,0,0,0,1,0,0,0
341,들깨미역국,0,0,0,0,0,0,0,0,0,0
342,아몬드멸치볶음,0,0,0,0,0,0,0,1,0,0
343,황태채무침,0,0,0,0,0,0,1,0,0,0
344,코다리찜,0,0,0,0,0,0,1,0,0,0
345,황태채볶음,0,0,0,0,0,0,1,0,0,0
346,미역냉국,0,0,0,0,0,0,0,0,0,0
347,새우볶음,0,0,1,0,0,0,0,0,0,0
348,호두멸치볶음,0,0,0,0,0,0,0,1,0,0
349,약밥,0,0,0,0,0,0,0,1,0,0
350,오곡밥,0,0,0,0,0,0,0,0,0,0
351,동지팥죽,0,0,0,0,0,0,0,0,0,0
352,마약옥수수,1,0,0,0,0,0,0,0,0,0
353,녹두빈대떡,0,0,0,0,0,0,0,0,0,0
354,팥죽,0,0,0,0,0,0,0,0,0,0
355,옥수수전,0,0,0,0,0,0,0,0,0,0
356,녹두전,0,0,0,0,0,0,0,0,0,0
357,약식,0,0,0,0,0,0,0,1,0,0
358,옥수수버터구이,1,0,0,0,0,0,0,0,0,0
359,영양밥,0,0,0,0,0,0,0,1,0,0
360,메밀국수,0,0,0,1,0,0,0,0,0,0
361,찹쌀떡,0,0,0,0,0,0,0,0,0,0
362,단팥죽,0,0,0,0,0,0,0,0,0,0
363,콩자반,0,0,0,0,0,0,0,0,0,0
364,두부스테이크,0,0,0,1,0,1,0,0,0,0
365,두부부침,0,0,0,0,0,0,0,0,0,0
366,두부강정,0,0,0,0,0,0,0,0,0,0
367,땅콩조림,0,0,0,0,0,0,0,1,0,0
368,마파두부덮밥,0,0,0,0,0,0,0,0,0,0
369,두부구이,0,0,0,0,0,0,0,0,0,0
370,두부전,0,0,0,0,0,1,0,0,0,0
371,두부덮밥,0,0,0,0,0,0,0,0,0,0
372,간장두부조림,0,0,0,0,0,0,0,0,0,0
373,두부두루치기,0,0,0,0,0,0,0,0,0,0
374,검은콩국수,0,0,0,1,0,0,0,0,0,0
375,두부튀김,0,0,0,0,0,0,0,0,0,0
376,콩조림,0,0,0,0,0,0,0,0,0,0
377,대하구이,0,0,1,0,0,0,0,0,0,0
378,야채말이,0,0,0,0,0,0,0,0,0,0
379,카레볶음밥,0,0,0,0,0,0,0,0,0,0
380,해물덮밥,0,0,0,0,0,0,0,0,0,0
381,느타리버섯볶음,0,0,0,0,0,0,0,0,0,0
382,버섯볶음,0,0,0,0,0,0,0,0,0,0
383,표고버섯볶음,0,0,0,0,0,0,0,0,0,0
384,새송이버섯볶음,0,0,0,0,0,0,0,0,0,0
385,버섯전골,0,0,0,0,0,0,0,0,0,0
386,팽이버섯전,0,0,0,1,0,1,0,0,0,0
387,버섯덮밥,0,0,0,0,0,0,0,0,0,0
388,느타리버섯전,0,0,0,1,0,1,0,0,0,0
389,표고버섯전,0,0,0,1,0,1,0,0,0,0
390,버섯들깨탕,0,0,0,0,0,0,0,0,0,0
391,버섯잡채,0,0,0,0,0,0,0,0,0,0
392,버섯무침,0,0,0,0,0,0,0,0,0,0
393,새송이버섯구이,0,0,0,0,0,0,0,0,0,0
394,버섯전,0,0,0,1,0,1,0,0,0,0
395,버섯구이,1,0,0,0,0,0,0,0,0,0
396,새송이버섯장조림,0,0,0,0,0,0,0,0,0,0
397,느타리버섯무침,0,0,0,0,0,0,0,0,0,0
398,버섯밥,0,0,0,0,0,0,0,0,0,0
399,새송이버섯전,0,0,0,0,0,1,0,0,0,0
400,표고버섯밥,0,0,0,0,0,0,0,0,0,0
401,버섯샐러드,0,0,0,0,0,0,0,0,0,0
402,새송이버섯조림,1,0,0,0,0,0,0,0,0,0
403,팽이버섯볶음,0,0,0,0,0,0,0,0,0,0
404,버섯된장찌개,0,0,0,0,0,0,0,0,0,0
405,버섯장아찌,0,0,0,0,0,0,0,0,0,0
406,버섯탕수,0,0,0,0,0,0,0,0,0,0
407,장조림,0,0,0,0,0,0,0,0,0,0
408,소세지야채볶음,0,0,0,0,0,0,0,0,0,0
409,도토리묵무침,0,0,0,0,0,0,0,1,0,0
410,오뎅볶음,0,0,0,0,0,0,0,0,0,0
411,소세지볶음,0,0,0,0,0,0,0,0,0,0
412,매운탕,0,0,0,0,0,0,1,0,0,0
413,참치전,0,0,0,0,0,1,1,0,0,0
414,충무김밥,0,0,0,0,0,0,0,0,0,0
415,간장떡볶이,0,0,0,0,0,0,0,0,0,0
416,참치김밥,0,0,0,0,0,0,1,0,0,0
417,송편,0,0,0,0,0,0,0,0,0,0
418,마약김밥,0,0,0,0,0,0,0,0,0,0
419,치즈떡볶이,1,0,0,0,0,0,0,0,0,0
420,짜장떡볶이,0,0,0,0,0,0,0,0,0,0
421,누룽지,0,0,0,0,0,0,0,0,0,0
422,배깍두기,0,0,0,0,0,0,0,0,0,0
423,파인애플볶음밥,0,0,0,0,0,0,0,0,0,0
424,매실장아찌,0,0,0,0,0,0,0,0,0,0
425,달걀찜,0,0,0,0,0,1,0,0,0,0
426,치즈계란말이,1,0,0,0,0,1,0,0,0,0
427,계란탕,0,0,0,0,0,1,0,0,0,0
428,구운계란,0,0,0,0,0,1,0,0,0,0
429,에그샌드위치,1,0,0,1,0,1,0,0,0,0
430,계란토스트,1,0,0,1,0,1,0,0,0,0
431,소갈비찜,0,0,0,0,0,0,0,0,0,0
432,소고기볶음,0,0,0,0,0,0,0,0,0,0
433,소고기덮밥,0,0,0,0,0,0,0,0,0,0
434,소고기말이,0,0,0,0,0,0,0,0,0,0
435,육전,0,0,0,0,0,1,0,0,0,0
436,LA갈비,0,0,0,0,0,0,0,0,0,0
437,소고기국,0,0,0,0,0,0,0,0,0,0
438,소고기구이,0,0,0,0,0,0,0,0,0,0
439,차돌박이숙주볶음,0,0,0,0,0,0,0,0,0,0
440,육회,0,0,0,0,0,0,0,0,0,0
441,불고기전골,0,0,0,0,0,0,0,0,0,0
442,돼지고기장조림,0,0,0,0,0,0,0,0,0,0
443,돼지고기볶음,0,0,0,0,0,0,0,0,0,0
444,돼지불고기,0,0,0,0,0,0,0,0,0,0
445,보쌈,0,0,0,0,0,0,0,0,0,0
446,등갈비찜,0,0,0,0,0,0,0,0,0,0
447,등갈비김치찜,0,0,0,0,0,0,0,0,0,0
448,삼겹살,0,0,0,0,0,0,0,0,0,0
449,돼지고기수육,0,0,0,0,0,0,0,0,0,0
450,돼지고기구이,0,0,0,0,0,0,0,0,0,0
451,돼지고기김치찜,0,0,0,0,0,0,0,0,0,0
452,오삼불고기,0,0,0,0,0,0,0,0,0,0
453,돼지고기두루치기,0,0,0,0,0,0,0,0,0,0
454,목살스테이크,0,0,0,0,0,0,0,0,0,0
455,삼겹살볶음,0,0,0,0,0,0,0,0,0,0
456,돈까스덮밥,0,0,0,0,0,0,0,0,0,0
457,동파육,0,0,0,0,0,0,0,0,0,0
458,닭강정,0,0,0,1,0,1,0,0,0,0
459,닭백숙,0,0,0,0,0,0,0,0,0,0
460,닭죽,0,0,0,0,0,0,0,0,0,0
461,안동찜닭,0,0,0,0,0,0,0,0,0,0
462,닭구이,1,0,0,0,0,0,0,0,0,0
463,닭다리구이,1,0,0,0,0,0,0,0,0,0
464,닭도리탕,0,0,0,0,0,0,0,0,0,0
465,치킨마요덮밥,1,0,0,0,0,0,0,0,0,0
466,닭볶음,0,0,0,0,0,0,0,0,0,0
467,닭봉구이,1,0,0,0,0,0,0,0,0,0
468,백숙,0,0,0,0,0,0,0,0,0,0
469,닭발,0,0,0,1,0,0,0,0,0,0
470,닭가슴살볶음,0,0,0,0,0,0,0,0,0,0
471,닭튀김,0,0,0,1,0,0,0,0,0,0
472,닭찜,0,0,0,0,0,1,0,0,0,0
473,깐풍기,0,0,0,0,0,1,0,0,0,0
474,닭칼국수,0,0,0,1,0,0,0,0,0,0
475,닭날개구이,0,0,0,0,0,0,0,0,0,0
476,닭조림,0,0,0,0,0,0,0,0,0,0
477,롤,1,0,0,0,0,0,0,0,0,1
478,소고기죽,0,0,0,0,0,0,0,0,0,0
479,야채죽,0,0,0,0,0,0,0,0,0,0
480,타락죽,1,0,0,0,0,0,0,0,0,0
481,감자죽,0,0,0,0,0,0,0,0,0,0
482,양배추죽,0,0,0,0,0,0,0,0,0,0
483,호박죽,0,0,0,0,0,0,0,0,0,0
484,버섯죽,0,0,0,0,0,0,0,0,0,0
485,고구마죽,0,0,0,0,0,0,0,0,0,0
486,롤샌드위치,1,0,0,1,0,1,0,0,0,0
487,누드김밥,0,0,0,0,0,0,0,0,0,0
488,계란말이김밥,0,0,0,0,0,1,0,0,0,0
489,어묵김밥,0,0,0,0,0,0,0,0,0,0
490,삼각김밥,0,0,0,0,0,0,0,0,0,0
491,삼겹살김밥,0,0,0,0,0,0,0,0,0,0
492,참치샌드위치,1,0,0,1,0,1,1,0,0,0
493,밥버거,0,0,0,0,0,0,0,0,0,0
494,계란김밥,0,0,0,0,0,1,0,0,0,0
495,소고기김밥,0,0,0,0,0,0,0,0,0,0
496,참치주먹밥,0,0,0,0,0,0,1,0,0,0
497,크래미유부초밥,0,0,0,0,0,0,0,0,0,0
498,모닝빵샌드위치,1,0,0,1,0,1,0,0,0,0
499,소세지김밥,0,0,0,0,0,0,0,0,0,0
500,치즈김밥,1,0,0,0,0,0,0,0,0,0
501,단무지무침,0,0,0,0,0,0,0,0,0,0
502,닭똥집볶음,0,0,0,0,0,0,0,0,0,0
503,꼬치구이,0,0,0,0,0,0,0,0,0,0
504,해물파전,0,1,1,1,0,0,0,0,0,0
505,파전,0,1,1,1,0,0,0,0,0,0
506,로제파스타,1,0,0,1,0,0,0,0,0,0
507,장어구이,0,0,0,0,0,0,1,0,0,0
508,전복삼계탕,0,0,0,0,0,0,0,0,0,0
509,굴밥,0,0,0,0,0,0,0,0,0,0
510,동태전,0,0,0,1,0,1,1,0,0,0
511,산적,0,0,0,0,0,0,0,0,0,0
512,꼬치전,0,0,0,1,0,1,0,0,0,0
513,깻잎전,0,0,0,0,0,0,0,0,0,0
514,김치만두,0,0,0,1,0,0,0,0,0,0
515,모듬전,0,0,0,1,0,1,0,0,0,0
516,탕국,0,1,1,0,0,0,0,0,0,0
517,깐풍만두,0,0,0,1,0,0,0,0,0,0
518,어묵국수,0,0,0,1,0,0,0,0,0,0
519,족발,0,0,0,0,0,0,0,0,0,0
520,된장라면,0,0,1,1,0,0,0,0,0,0
521,볶음면,0,0,0,1,0,1,0,0,0,0
522,야끼소바,0,0,0,1,0,1,0,0,0,0
523,콩나물국밥,0,0,0,0,0,0,1,0,0,0
524,콩나물해장국,0,0,0,0,0,1,1,0,0,0
525,해장국,0,0,0,1,0,1,0,0,0,0
526,김치콩나물국,0,0,0,0,0,0,0,0,0,0
527,황태콩나물국,0,0,0,0,0,0,1,0,0,0
528,해장라면,0,0,0,1,0,0,1,0,0,0
529,선지국,0,0,0,0,0,0,0,0,0,0
530,황태콩나물해장국,0,0,0,0,0,1,0,0,0,0
531,굴국밥,0,0,0,0,0,0,0,0,0,0
532,김치죽,0,0,0,0,0,0,0,0,0,0
533,짬뽕라면,0,0,0,1,0,0,0,0,0,0
534,황태무국,0,0,0,0,0,0,1,0,0,0
535,김치콩나물국밥,0,0,0,0,0,0,0,0,0,0
536,동태탕,0,0,0,0,0,0,1,0,0,0
537,대구지리,0,0,0,0,0,0,1,0,0,0
538,두부말이,0,0,0,0,0,0,0,0,0,0
539,석박지,0,0,0,0,0,0,0,0,0,0
540,지짐이,0,0,0,0,0,0,0,0,0,0
541,콩장,0,0,0,0,0,0,0,0,0,0
542,톳두부무침,0,0,0,0,0,0,0,0,0,0
543,소세지,0,0,0,0,0,0,0,0,0,0
544,스테이크샌드위치,1,0,0,1,0,0,0,0,0,0
545,치즈스파게티,1,0,0,1,0,0,0,0,0,0
546,카레덮밥,0,0,0,0,0,0,0,0,0,0
547,카스타드,1,0,0,1,0,1,0,0,0,0
548,펜네,1,0,0,1,0,0,0,0,0,0
549,프라이,0,0,0,1,0,0,0,0,0,0
550,햄버그,0,0,0,0,0,0,0,0,0,0
551,팥빵,1,0,0,1,0,1,0,0,0,0
552,롤빵,1,0,0,1,0,1,0,0,0,0
553,불고기베이크,1,0,0,1,0,0,0,0,0,0
554,쉬폰케이크,0,0,0,1,0,1,0,0,0,0
555,파운드,1,0,0,1,0,1,0,0,0,0
556,고구마케이크,1,0,0,1,0,1,0,0,0,0
557,겨자채,0,0,0,0,0,0,0,0,0,0
558,도토리묵샐러드,0,0,0,0,0,0,0,0,0,0
559,또띠아롤,1,0,0,1,0,1,0,0,0,0
560,사라다,0,0,0,0,0,0,0,1,0,0
561,시저샐러드,0,0,0,1,0,1,1,0,0,0
562,오이냉채,0,0,0,0,0,0,0,0,0,1
563,채소샐러드,0,0,0,0,0,0,0,0,0,0
564,호박전,0,0,0,1,0,1,0,0,0,0
565,부침개,0,0,0,0,0,0,0,0,0,0
566,배추전,0,0,0,0,0,0,0,0,0,0
567,감자채전,0,0,0,0,0,0,0,0,0,0
568,야채전,0,0,0,1,0,0,0,0,0,0
569,연근전,0,0,0,0,0,0,0,0,0,0
570,새우전,0,0,1,1,0,1,0,0,0,0
571,김치부침개,0,0,0,1,0,0,0,0,0,0
572,김치찜,0,0,0,0,0,0,0,0,0,0
573,깻잎찜,0,0,0,0,0,0,0,0,0,0
574,꽈리고추찜,0,0,0,1,0,0,0,0,0,0
575,해물찜,0,1,1,0,0,0,1,0,0,0
576,오징어순대,0,1,0,1,0,0,0,0,0,0
577,고등어김치찜,0,0,0,0,0,0,1,0,0,0
578,고등어찜,0,0,0,0,0,0,1,0,0,0
579,꽃게찜,0,0,1,0,0,0,0,0,0,0
580,콩나물찜,0,0,0,0,0,0,0,0,0,0
581,삼겹살찜,0,0,0,0,0,0,0,0,0,0
582,전자렌지계란찜,0,0,0,0,0,1,0,0,0,0
583,도넛,0,0,0,1,0,0,0,1,0,0
584,고로케,0,0,0,1,0,1,0,0,0,0
585,오징어튀김,0,0,0,1,0,0,0,0,0,0
586,가지튀김,0,0,0,1,0,0,0,0,1,0
587,미니핫도그,1,0,0,1,0,1,0,0,0,0
588,김말이튀김,0,0,0,0,0,0,0,0,0,0
589,탕수,0,0,0,1,0,0,0,0,0,0
590,감자크로켓,0,0,0,1,0,1,0,1,0,0
591,양파장아찌,0,0,0,0,0,0,0,0,0,0
592,오이피클,0,0,0,0,0,0,0,0,1,1
593,깻잎장아찌,0,0,0,0,0,0,0,0,0,0
594,깻잎김치,0,0,0,0,0,0,0,0,0,0
595,마늘장아찌,0,0,0,0,0,0,0,0,0,0
596,고추장아찌,0,0,0,0,0,0,0,0,0,0
597,마늘쫑장아찌,0,0,0,0,0,0,0,0,0,0
598,미역오이냉국,0,0,0,0,0,0,0,0,1,1
599,꽁치조림,0,0,0,0,0,0,1,0,0,0
600,알감자조림,0,0,0,0,0,0,0,0,0,0
601,무조림,0,0,0,0,0,0,0,0,0,0
602,가자미조림,0,0,0,0,0,0,1,0,0,0
603,고등어무조림,0,0,0,0,0,0,1,0,0,0
604,어묵조림,0,0,0,0,0,0,0,0,0,0
605,메추리알조림,0,0,0,0,0,0,0,0,0,0
606,멸치조림,0,0,0,0,0,0,0,0,0,0
607,꽈리고추조림,0,0,0,0,0,0,0,0,0,0
608,달걀장조림,0,0,0,0,0,1,0,0,0,0
609,삼겹살조림,0,0,0,0,0,0,0,0,0,0
610,연어초밥,0,0,0,0,1,0,0,0,0,0
611,물회,0,0,0,0,1,0,0,0,0,0
612,연어덮밥,0,0,0,0,1,0,0,0,0,0
613,회,0,0,0,0,1,0,0,0,0,0
614,전복회,0,0,0,0,0,0,0,0,0,0
615,회덮밥,0,0,0,0,1,0,0,0,0,0
616,굴회,0,0,0,0,0,0,0,0,0,0
617,참치회덮밥,0,0,0,0,1,0,0,0,0,0
618,초밥케이크,0,0,1,0,0,0,0,0,0,1
619,멍게,0,0,0,0,0,0,0,0,0,0
620,연어롤,0,0,0,0,1,0,0,0,0,0
621,지라시스시,0,0,0,0,1,0,0,0,0,0
622,계란초밥,0,0,0,0,0,1,0,0,0,0
623,광어,0,0,0,0,1,0,0,0,0,0
624,굴,0,0,0,0,0,0,0,0,0,0
625,사시미,0,0,0,0,1,0,0,0,0,0
626,삼합,0,0,0,0,0,0,0,0,0,0
627,새우초밥,0,0,1,0,0,0,0,0,0,0
628,연어말이,0,0,0,0,0,0,1,0,0,0
629,돼지고기보쌈,0,0,0,0,0,0,0,0,0,0
630,삼겹살수육,0,0,0,0,0,0,0,0,0,0
631,김치말이국수,0,0,0,1,0,0,0,0,0,0
632,냉국수,0,0,0,1,0,0,0,0,0,0
633,두부콩국수,0,0,0,1,0,0,0,0,0,0
634,드레싱누들,0,0,0,1,0,0,0,0,0,0
635,메밀소바,0,0,0,1,0,0,0,0,0,0
636,감자샐러드샌드위치,0,0,0,1,0,1,0,0,0,0
637,매쉬드포테이토,1,0,0,0,0,0,0,0,0,0
638,양배추쌈,0,0,0,0,0,0,0,0,0,0
639,쪽파강회,0,0,0,0,0,0,0,0,0,0
640,오징어숙회,0,0,0,0,0,0,0,0,0,0
641,브로콜리,0,0,0,0,0,0,0,0,0,0
642,문어숙회,0,0,0,0,0,0,0,0,0,0
643,두릅숙회,0,0,0,0,0,0,0,0,0,0
644,미나리강회,0,0,0,0,0,1,0,0,0,0
645,파강회,0,0,0,0,0,0,0,0,0,0
646,두릅초회,0,0,0,0,0,0,0,0,0,0
647,문어초회,0,0,0,0,0,0,0,0,0,0
648,샤브샤브,0,0,0,0,0,0,0,0,0,0
649,오징어샐러드,0,0,0,0,0,0,0,0,0,0
650,가지무침,0,0,0,0,0,0,0,0,1,0
651,무말랭이무침,0,0,0,0,0,0,0,0,0,0
652,시금치나물,0,0,0,0,0,0,0,0,0,0
653,노각무침,0,0,0,0,0,0,0,0,0,1
654,부추무침,0,0,0,0,0,0,0,0,0,0
655,냉이무침,0,0,0,0,0,0,0,0,0,0
656,숙주나물무침,0,0,0,0,0,0,0,0,0,0
657,오징어초무침,0,0,0,0,0,0,0,0,0,0
658,참나물무침,0,0,0,0,0,0,0,0,0,0
659,마늘쫑무침,0,0,0,0,0,0,0,0,0,0
660,미나리무침,0,0,0,0,0,0,0,0,0,0
661,꼬막비빔밥,0,1,0,0,0,0,0,0,0,0
662,간장비빔국수,0,0,0,1,0,0,0,0,0,0
663,비빔당면,0,0,0,0,0,0,0,0,0,0
664,멍게비빔밥,0,0,0,0,0,0,0,0,0,0
665,비빔냉면,0,0,0,1,0,0,0,0,0,0
666,비빔라면,0,0,0,1,0,0,0,0,0,0
667,나물비빔밥,0,0,0,0,0,0,0,0,0,0
668,콩나물비빔밥,0,0,0,0,0,0,0,0,0,0
669,참치비빔밥,0,0,0,0,0,0,1,0,0,0
670,열무비빔밥,0,0,0,0,0,0,0,0,0,0
671,새싹비빔밥,0,0,0,0,0,0,0,0,0,0
672,참치마요덮밥,0,0,0,0,0,1,1,0,0,0
673,막국수,0,0,0,1,0,0,0,0,0,0
674,비빔칼국수,0,0,0,1,0,0,0,0,0,0
675,장조림버터비빔밥,0,0,0,0,0,0,0,1,0,0
676,깍두기,0,0,0,0,0,0,0,0,0,0
677,오이소박이,0,0,0,0,0,0,0,0,0,1
678,배추겉절이,0,0,0,0,0,0,0,0,0,0
679,강된장,0,0,0,0,0,0,0,0,0,0
680,파김치,0,0,0,0,0,0,0,0,0,0
681,봄동겉절이,0,0,0,0,0,0,0,0,0,0
682,겉절이,0,0,0,0,0,0,0,0,0,0
683,열무김치,0,0,0,0,0,0,0,0,0,0
684,물김치,0,0,0,0,0,0,0,0,0,0
685,오이지,0,0,0,0,0,0,0,0,0,1
686,상추겉절이,0,0,0,0,0,0,0,0,0,0
687,동치미,0,0,0,0,0,0,0,0,0,0
688,열무물김치,0,0,0,0,0,0,0,0,0,0
689,배추김치,0,0,0,0,0,0,0,0,0,0
690,간장게장,0,0,1,0,0,0,0,0,0,0
691,오이김치,0,0,0,0,0,0,0,0,0,1
692,약고추장,0,0,0,0,0,0,0,0,0,0
693,나박김치,0,0,0,0,0,0,0,0,0,0
694,무김치,0,0,0,0,0,0,0,0,0,0
695,부추김치,0,0,0,0,0,0,0,0,0,0
696,쪽파김치,0,0,0,0,0,0,0,0,0,0
697,부추겉절이,0,0,0,0,0,0,0,0,0,0
698,참치쌈장,0,0,0,0,0,0,1,0,0,0
699,총각김치,0,0,0,0,0,0,0,0,0,0
700,백김치,0,0,0,0,0,0,0,0,0,0
701,양배추김치,0,0,0,0,0,0,0,0,0,0
702,곱창,0,0,0,0,0,0,0,0,0,0
703,쌀국수,0,0,0,0,0,0,0,0,0,0
704,팟타이,0,0,0,0,0,1,0,0,0,0
